<Anims>
 <anim name="idle" root="kochosei_may_gacha" numframes="1000" framerate="40">
  <frame idx="0" w="1137" h="2011" x="-32.488403" y="-541.074097">
   <element name="symbol0" layername="Temple" frame="0" z_index="1" m_a="1.000000" m_b="0.000000" m_c="0.000000" m_d="1.000000" m_tx="-532.488403" m_ty="-1184.074097"/>
  </frame>
  <frame idx="25" w="1137" h="2011" x="-32.488403" y="-541.074097">
   <element name="symbol0" layername="Temple" frame="0" z_index="1" m_a="1.000000" m_b="0.000000" m_c="0.000000" m_d="1.000000" m_tx="-532.488403" m_ty="-1184.074097"/>
  </frame>
  <frame idx="50" w="1137" h="2011" x="-32.488403" y="-541.074097">
   <element name="symbol0" layername="Temple" frame="0" z_index="1" m_a="1.000000" m_b="0.000000" m_c="0.000000" m_d="1.000000" m_tx="-532.488403" m_ty="-1184.074097"/>
  </frame>
  <frame idx="75" w="1137" h="2011" x="-32.488403" y="-541.074097">
   <element name="symbol0" layername="Temple" frame="0" z_index="1" m_a="1.000000" m_b="0.000000" m_c="0.000000" m_d="1.000000" m_tx="-532.488403" m_ty="-1184.074097"/>
  </frame>
  <frame idx="100" w="1137" h="2011" x="-32.488403" y="-541.074097">
   <element name="symbol0" layername="Temple" frame="0" z_index="1" m_a="1.000000" m_b="0.000000" m_c="0.000000" m_d="1.000000" m_tx="-532.488403" m_ty="-1184.074097"/>
  </frame>
  <frame idx="125" w="1137" h="2011" x="-32.488403" y="-541.074097">
   <element name="symbol0" layername="Temple" frame="0" z_index="1" m_a="1.000000" m_b="0.000000" m_c="0.000000" m_d="1.000000" m_tx="-532.488403" m_ty="-1184.074097"/>
  </frame>
  <frame idx="150" w="1137" h="2011" x="-32.488403" y="-541.074097">
   <element name="symbol0" layername="Temple" frame="0" z_index="1" m_a="1.000000" m_b="0.000000" m_c="0.000000" m_d="1.000000" m_tx="-532.488403" m_ty="-1184.074097"/>
  </frame>
  <frame idx="175" w="1137" h="2011" x="-32.488403" y="-541.074097">
   <element name="symbol0" layername="Temple" frame="0" z_index="1" m_a="1.000000" m_b="0.000000" m_c="0.000000" m_d="1.000000" m_tx="-532.488403" m_ty="-1184.074097"/>
  </frame>
  <frame idx="200" w="1137" h="2011" x="-32.488403" y="-541.074097">
   <element name="symbol0" layername="Temple" frame="0" z_index="1" m_a="1.000000" m_b="0.000000" m_c="0.000000" m_d="1.000000" m_tx="-532.488403" m_ty="-1184.074097"/>
  </frame>
  <frame idx="225" w="1137" h="2011" x="-32.488403" y="-541.074097">
   <element name="symbol0" layername="Temple" frame="0" z_index="1" m_a="1.000000" m_b="0.000000" m_c="0.000000" m_d="1.000000" m_tx="-532.488403" m_ty="-1184.074097"/>
  </frame>
  <frame idx="250" w="1137" h="2011" x="-32.488403" y="-541.074097">
   <element name="symbol0" layername="Temple" frame="0" z_index="1" m_a="1.000000" m_b="0.000000" m_c="0.000000" m_d="1.000000" m_tx="-532.488403" m_ty="-1184.074097"/>
  </frame>
  <frame idx="275" w="1137" h="2011" x="-32.488403" y="-541.074097">
   <element name="symbol0" layername="Temple" frame="0" z_index="1" m_a="1.000000" m_b="0.000000" m_c="0.000000" m_d="1.000000" m_tx="-532.488403" m_ty="-1184.074097"/>
  </frame>
  <frame idx="300" w="1137" h="2011" x="-32.488403" y="-541.074097">
   <element name="symbol0" layername="Temple" frame="0" z_index="1" m_a="1.000000" m_b="0.000000" m_c="0.000000" m_d="1.000000" m_tx="-532.488403" m_ty="-1184.074097"/>
  </frame>
  <frame idx="325" w="1137" h="2011" x="-32.488403" y="-541.074097">
   <element name="symbol0" layername="Temple" frame="0" z_index="1" m_a="1.000000" m_b="0.000000" m_c="0.000000" m_d="1.000000" m_tx="-532.488403" m_ty="-1184.074097"/>
  </frame>
  <frame idx="350" w="1137" h="2011" x="-32.488403" y="-541.074097">
   <element name="symbol0" layername="Temple" frame="0" z_index="1" m_a="1.000000" m_b="0.000000" m_c="0.000000" m_d="1.000000" m_tx="-532.488403" m_ty="-1184.074097"/>
  </frame>
  <frame idx="375" w="1137" h="2011" x="-32.488403" y="-541.074097">
   <element name="symbol0" layername="Temple" frame="0" z_index="1" m_a="1.000000" m_b="0.000000" m_c="0.000000" m_d="1.000000" m_tx="-532.488403" m_ty="-1184.074097"/>
  </frame>
  <frame idx="400" w="1137" h="2011" x="-32.488403" y="-541.074097">
   <element name="symbol0" layername="Temple" frame="0" z_index="1" m_a="1.000000" m_b="0.000000" m_c="0.000000" m_d="1.000000" m_tx="-532.488403" m_ty="-1184.074097"/>
  </frame>
  <frame idx="425" w="1137" h="2011" x="-32.488403" y="-541.074097">
   <element name="symbol0" layername="Temple" frame="0" z_index="1" m_a="1.000000" m_b="0.000000" m_c="0.000000" m_d="1.000000" m_tx="-532.488403" m_ty="-1184.074097"/>
  </frame>
  <frame idx="450" w="1137" h="2011" x="-32.488403" y="-541.074097">
   <element name="symbol0" layername="Temple" frame="0" z_index="1" m_a="1.000000" m_b="0.000000" m_c="0.000000" m_d="1.000000" m_tx="-532.488403" m_ty="-1184.074097"/>
  </frame>
  <frame idx="475" w="1137" h="2011" x="-32.488403" y="-541.074097">
   <element name="symbol0" layername="Temple" frame="0" z_index="1" m_a="1.000000" m_b="0.000000" m_c="0.000000" m_d="1.000000" m_tx="-532.488403" m_ty="-1184.074097"/>
  </frame>
  <frame idx="500" w="1137" h="2011" x="-32.488403" y="-541.074097">
   <element name="symbol0" layername="Temple" frame="0" z_index="1" m_a="1.000000" m_b="0.000000" m_c="0.000000" m_d="1.000000" m_tx="-532.488403" m_ty="-1184.074097"/>
  </frame>
  <frame idx="525" w="1137" h="2011" x="-32.488403" y="-541.074097">
   <element name="symbol0" layername="Temple" frame="0" z_index="1" m_a="1.000000" m_b="0.000000" m_c="0.000000" m_d="1.000000" m_tx="-532.488403" m_ty="-1184.074097"/>
  </frame>
  <frame idx="550" w="1137" h="2011" x="-32.488403" y="-541.074097">
   <element name="symbol0" layername="Temple" frame="0" z_index="1" m_a="1.000000" m_b="0.000000" m_c="0.000000" m_d="1.000000" m_tx="-532.488403" m_ty="-1184.074097"/>
  </frame>
  <frame idx="575" w="1137" h="2011" x="-32.488403" y="-541.074097">
   <element name="symbol0" layername="Temple" frame="0" z_index="1" m_a="1.000000" m_b="0.000000" m_c="0.000000" m_d="1.000000" m_tx="-532.488403" m_ty="-1184.074097"/>
  </frame>
  <frame idx="600" w="1137" h="2011" x="-32.488403" y="-541.074097">
   <element name="symbol0" layername="Temple" frame="0" z_index="1" m_a="1.000000" m_b="0.000000" m_c="0.000000" m_d="1.000000" m_tx="-532.488403" m_ty="-1184.074097"/>
  </frame>
  <frame idx="625" w="1137" h="2011" x="-32.488403" y="-541.074097">
   <element name="symbol0" layername="Temple" frame="0" z_index="1" m_a="1.000000" m_b="0.000000" m_c="0.000000" m_d="1.000000" m_tx="-532.488403" m_ty="-1184.074097"/>
  </frame>
  <frame idx="650" w="1137" h="2011" x="-32.488403" y="-541.074097">
   <element name="symbol0" layername="Temple" frame="0" z_index="1" m_a="1.000000" m_b="0.000000" m_c="0.000000" m_d="1.000000" m_tx="-532.488403" m_ty="-1184.074097"/>
  </frame>
  <frame idx="675" w="1137" h="2011" x="-32.488403" y="-541.074097">
   <element name="symbol0" layername="Temple" frame="0" z_index="1" m_a="1.000000" m_b="0.000000" m_c="0.000000" m_d="1.000000" m_tx="-532.488403" m_ty="-1184.074097"/>
  </frame>
  <frame idx="700" w="1137" h="2011" x="-32.488403" y="-541.074097">
   <element name="symbol0" layername="Temple" frame="0" z_index="1" m_a="1.000000" m_b="0.000000" m_c="0.000000" m_d="1.000000" m_tx="-532.488403" m_ty="-1184.074097"/>
  </frame>
  <frame idx="725" w="1137" h="2011" x="-32.488403" y="-541.074097">
   <element name="symbol0" layername="Temple" frame="0" z_index="1" m_a="1.000000" m_b="0.000000" m_c="0.000000" m_d="1.000000" m_tx="-532.488403" m_ty="-1184.074097"/>
  </frame>
  <frame idx="750" w="1137" h="2011" x="-32.488403" y="-541.074097">
   <element name="symbol0" layername="Temple" frame="0" z_index="1" m_a="1.000000" m_b="0.000000" m_c="0.000000" m_d="1.000000" m_tx="-532.488403" m_ty="-1184.074097"/>
  </frame>
  <frame idx="775" w="1137" h="2011" x="-32.488403" y="-541.074097">
   <element name="symbol0" layername="Temple" frame="0" z_index="1" m_a="1.000000" m_b="0.000000" m_c="0.000000" m_d="1.000000" m_tx="-532.488403" m_ty="-1184.074097"/>
  </frame>
  <frame idx="800" w="1137" h="2011" x="-32.488403" y="-541.074097">
   <element name="symbol0" layername="Temple" frame="0" z_index="1" m_a="1.000000" m_b="0.000000" m_c="0.000000" m_d="1.000000" m_tx="-532.488403" m_ty="-1184.074097"/>
  </frame>
  <frame idx="825" w="1137" h="2011" x="-32.488403" y="-541.074097">
   <element name="symbol0" layername="Temple" frame="0" z_index="1" m_a="1.000000" m_b="0.000000" m_c="0.000000" m_d="1.000000" m_tx="-532.488403" m_ty="-1184.074097"/>
  </frame>
  <frame idx="850" w="1137" h="2011" x="-32.488403" y="-541.074097">
   <element name="symbol0" layername="Temple" frame="0" z_index="1" m_a="1.000000" m_b="0.000000" m_c="0.000000" m_d="1.000000" m_tx="-532.488403" m_ty="-1184.074097"/>
  </frame>
  <frame idx="875" w="1137" h="2011" x="-32.488403" y="-541.074097">
   <element name="symbol0" layername="Temple" frame="0" z_index="1" m_a="1.000000" m_b="0.000000" m_c="0.000000" m_d="1.000000" m_tx="-532.488403" m_ty="-1184.074097"/>
  </frame>
  <frame idx="900" w="1137" h="2011" x="-32.488403" y="-541.074097">
   <element name="symbol0" layername="Temple" frame="0" z_index="1" m_a="1.000000" m_b="0.000000" m_c="0.000000" m_d="1.000000" m_tx="-532.488403" m_ty="-1184.074097"/>
  </frame>
  <frame idx="925" w="1137" h="2011" x="-32.488403" y="-541.074097">
   <element name="symbol0" layername="Temple" frame="0" z_index="1" m_a="1.000000" m_b="0.000000" m_c="0.000000" m_d="1.000000" m_tx="-532.488403" m_ty="-1184.074097"/>
  </frame>
  <frame idx="950" w="1137" h="2011" x="-32.488403" y="-541.074097">
   <element name="symbol0" layername="Temple" frame="0" z_index="1" m_a="1.000000" m_b="0.000000" m_c="0.000000" m_d="1.000000" m_tx="-532.488403" m_ty="-1184.074097"/>
  </frame>
  <frame idx="975" w="1137" h="2011" x="-32.488403" y="-541.074097">
   <element name="symbol0" layername="Temple" frame="0" z_index="1" m_a="1.000000" m_b="0.000000" m_c="0.000000" m_d="1.000000" m_tx="-532.488403" m_ty="-1184.074097"/>
  </frame>
 </anim>
</Anims>
