<Anims>
 <anim name="kochosei_duke_crown" root="kochosei_duke_crown" numframes="2000" framerate="40">
  <frame idx="0" w="141" h="292" x="0.192001" y="-112.162994">
   <element name="symbol0" layername="symbo" frame="0" z_index="1" m_a="1.000000" m_b="0.000000" m_c="0.000000" m_d="1.000000" m_tx="-63.807999" m_ty="-188.162994"/>
  </frame>
  <frame idx="25" w="135" h="292" x="0.226151" y="-112.062988">
   <element name="symbol0" layername="symbo" frame="0" z_index="1" m_a="0.949857" m_b="0.000000" m_c="0.000000" m_d="1.000000" m_tx="-60.564701" m_ty="-188.063004"/>
  </frame>
  <frame idx="50" w="127" h="291" x="0.260365" y="-111.963013">
   <element name="symbol0" layername="symbo" frame="0" z_index="1" m_a="0.899715" m_b="0.000000" m_c="0.000000" m_d="1.000000" m_tx="-57.321400" m_ty="-187.962997"/>
  </frame>
  <frame idx="75" w="120" h="291" x="0.293194" y="-111.866852">
   <element name="symbol0" layername="symbo" frame="0" z_index="1" m_a="0.851501" m_b="0.000000" m_c="0.000000" m_d="1.000000" m_tx="-54.202843" m_ty="-187.866852"/>
  </frame>
  <frame idx="100" w="113" h="291" x="0.328819" y="-111.763000">
   <element name="symbol0" layername="symbo" frame="0" z_index="1" m_a="0.799430" m_b="0.000000" m_c="0.000000" m_d="1.000000" m_tx="-50.834702" m_ty="-187.763000"/>
  </frame>
  <frame idx="125" w="106" h="291" x="0.362968" y="-111.662994">
   <element name="symbol0" layername="symbo" frame="0" z_index="1" m_a="0.749287" m_b="0.000000" m_c="0.000000" m_d="1.000000" m_tx="-47.591400" m_ty="-187.662994"/>
  </frame>
  <frame idx="150" w="99" h="291" x="0.397118" y="-111.562988">
   <element name="symbol0" layername="symbo" frame="0" z_index="1" m_a="0.699144" m_b="0.000000" m_c="0.000000" m_d="1.000000" m_tx="-44.348099" m_ty="-187.563004"/>
  </frame>
  <frame idx="175" w="92" h="291" x="0.431332" y="-111.463013">
   <element name="symbol0" layername="symbo" frame="0" z_index="1" m_a="0.649002" m_b="0.000000" m_c="0.000000" m_d="1.000000" m_tx="-41.104801" m_ty="-187.462997"/>
  </frame>
  <frame idx="200" w="85" h="291" x="0.465572" y="-111.363007">
   <element name="symbol0" layername="symbo" frame="0" z_index="1" m_a="0.598859" m_b="0.000000" m_c="0.000000" m_d="1.000000" m_tx="-37.861401" m_ty="-187.363007"/>
  </frame>
  <frame idx="225" w="77" h="291" x="0.499786" y="-111.263000">
   <element name="symbol0" layername="symbo" frame="0" z_index="1" m_a="0.548717" m_b="0.000000" m_c="0.000000" m_d="1.000000" m_tx="-34.618099" m_ty="-187.263000"/>
  </frame>
  <frame idx="250" w="71" h="291" x="0.533934" y="-111.162994">
   <element name="symbol0" layername="symbo" frame="0" z_index="1" m_a="0.498574" m_b="0.000000" m_c="0.000000" m_d="1.000000" m_tx="-31.374800" m_ty="-187.162994"/>
  </frame>
  <frame idx="275" w="63" h="291" x="0.528910" y="-111.162994">
   <element name="symbol0" layername="symbo" frame="0" z_index="1" m_a="0.448522" m_b="0.000000" m_c="0.000000" m_d="1.000000" m_tx="-28.176500" m_ty="-187.162994"/>
  </frame>
  <frame idx="300" w="57" h="291" x="0.523941" y="-111.162994">
   <element name="symbol0" layername="symbo" frame="0" z_index="1" m_a="0.398471" m_b="0.000000" m_c="0.000000" m_d="1.000000" m_tx="-24.978201" m_ty="-187.162994"/>
  </frame>
  <frame idx="325" w="50" h="291" x="0.518917" y="-111.162994">
   <element name="symbol0" layername="symbo" frame="0" z_index="1" m_a="0.348419" m_b="0.000000" m_c="0.000000" m_d="1.000000" m_tx="-21.779900" m_ty="-187.162994"/>
  </frame>
  <frame idx="350" w="42" h="291" x="0.514143" y="-111.162994">
   <element name="symbol0" layername="symbo" frame="0" z_index="1" m_a="0.300293" m_b="0.000000" m_c="0.000000" m_d="1.000000" m_tx="-18.704613" m_ty="-187.162994"/>
  </frame>
  <frame idx="375" w="36" h="291" x="0.509027" y="-111.162994">
   <element name="symbol0" layername="symbo" frame="0" z_index="1" m_a="0.250318" m_b="0.000000" m_c="0.000000" m_d="1.000000" m_tx="-15.511328" m_ty="-187.162994"/>
  </frame>
  <frame idx="400" w="29" h="291" x="0.504057" y="-111.162994">
   <element name="symbol0" layername="symbo" frame="0" z_index="1" m_a="0.200267" m_b="0.000000" m_c="0.000000" m_d="1.000000" m_tx="-12.313032" m_ty="-187.162994"/>
  </frame>
  <frame idx="425" w="21" h="291" x="0.499096" y="-111.162994">
   <element name="symbol0" layername="symbo" frame="0" z_index="1" m_a="0.150216" m_b="0.000000" m_c="0.000000" m_d="1.000000" m_tx="-9.114733" m_ty="-187.162994"/>
  </frame>
  <frame idx="450" w="15" h="291" x="0.494059" y="-111.162994">
   <element name="symbol0" layername="symbo" frame="0" z_index="1" m_a="0.100164" m_b="0.000000" m_c="0.000000" m_d="1.000000" m_tx="-5.916441" m_ty="-187.162994"/>
  </frame>
  <frame idx="475" w="7" h="291" x="0.489072" y="-111.162994">
   <element name="symbol0" layername="symbo" frame="0" z_index="1" m_a="0.050113" m_b="0.000000" m_c="0.000000" m_d="1.000000" m_tx="-2.718161" m_ty="-187.162994"/>
  </frame>
  <frame idx="500" w="0" h="291" x="0.484031" y="-111.162994">
   <element name="symbol0" layername="symbo" frame="0" z_index="1" m_a="0.000061" m_b="0.000000" m_c="0.000000" m_d="1.000000" m_tx="0.480121" m_ty="-187.162994"/>
  </frame>
  <frame idx="525" w="7" h="291" x="0.385738" y="-111.162994">
   <element name="symbol0" layername="symbo" frame="0" z_index="1" m_a="-0.049662" m_b="0.000000" m_c="0.000000" m_d="1.000000" m_tx="3.564082" m_ty="-187.162994"/>
  </frame>
  <frame idx="550" w="15" h="291" x="0.283551" y="-111.162994">
   <element name="symbol0" layername="symbo" frame="0" z_index="1" m_a="-0.099371" m_b="0.000000" m_c="0.000000" m_d="1.000000" m_tx="6.643272" m_ty="-187.162994"/>
  </frame>
  <frame idx="575" w="21" h="291" x="0.181376" y="-111.162994">
   <element name="symbol0" layername="symbo" frame="0" z_index="1" m_a="-0.149080" m_b="0.000000" m_c="0.000000" m_d="1.000000" m_tx="9.722472" m_ty="-187.162994"/>
  </frame>
  <frame idx="600" w="29" h="291" x="0.079164" y="-111.162994">
   <element name="symbol0" layername="symbo" frame="0" z_index="1" m_a="-0.198789" m_b="0.000000" m_c="0.000000" m_d="1.000000" m_tx="12.801634" m_ty="-187.162994"/>
  </frame>
  <frame idx="625" w="36" h="291" x="-0.023015" y="-111.162994">
   <element name="symbol0" layername="symbo" frame="0" z_index="1" m_a="-0.248498" m_b="0.000000" m_c="0.000000" m_d="1.000000" m_tx="15.880832" m_ty="-187.162994"/>
  </frame>
  <frame idx="650" w="43" h="291" x="-0.125130" y="-111.162994">
   <element name="symbol0" layername="symbo" frame="0" z_index="1" m_a="-0.298206" m_b="0.000000" m_c="0.000000" m_d="1.000000" m_tx="18.960033" m_ty="-187.162994"/>
  </frame>
  <frame idx="675" w="50" h="291" x="-0.227306" y="-111.162994">
   <element name="symbol0" layername="symbo" frame="0" z_index="1" m_a="-0.347915" m_b="0.000000" m_c="0.000000" m_d="1.000000" m_tx="22.039230" m_ty="-187.162994"/>
  </frame>
  <frame idx="700" w="58" h="291" x="-0.329483" y="-111.162994">
   <element name="symbol0" layername="symbo" frame="0" z_index="1" m_a="-0.397624" m_b="0.000000" m_c="0.000000" m_d="1.000000" m_tx="25.118431" m_ty="-187.162994"/>
  </frame>
  <frame idx="725" w="64" h="291" x="-0.431658" y="-111.162994">
   <element name="symbol0" layername="symbo" frame="0" z_index="1" m_a="-0.447333" m_b="0.000000" m_c="0.000000" m_d="1.000000" m_tx="28.197632" m_ty="-187.162994"/>
  </frame>
  <frame idx="750" w="72" h="291" x="-0.533833" y="-111.162994">
   <element name="symbol0" layername="symbo" frame="0" z_index="1" m_a="-0.497042" m_b="0.000000" m_c="0.000000" m_d="1.000000" m_tx="31.276833" m_ty="-187.162994"/>
  </frame>
  <frame idx="775" w="79" h="291" x="-0.563843" y="-111.162994">
   <element name="symbol0" layername="symbo" frame="0" z_index="1" m_a="-0.547123" m_b="0.000000" m_c="0.000000" m_d="1.000000" m_tx="34.452034" m_ty="-187.162994"/>
  </frame>
  <frame idx="800" w="86" h="291" x="-0.590851" y="-111.162994">
   <element name="symbol0" layername="symbo" frame="0" z_index="1" m_a="-0.597220" m_b="0.000000" m_c="0.000000" m_d="1.000000" m_tx="37.631233" m_ty="-187.162994"/>
  </frame>
  <frame idx="825" w="93" h="291" x="-0.617863" y="-111.162994">
   <element name="symbol0" layername="symbo" frame="0" z_index="1" m_a="-0.647317" m_b="0.000000" m_c="0.000000" m_d="1.000000" m_tx="40.810432" m_ty="-187.162994"/>
  </frame>
  <frame idx="850" w="99" h="291" x="-0.644871" y="-111.162994">
   <element name="symbol0" layername="symbo" frame="0" z_index="1" m_a="-0.697414" m_b="0.000000" m_c="0.000000" m_d="1.000000" m_tx="43.989632" m_ty="-187.162994"/>
  </frame>
  <frame idx="875" w="107" h="291" x="-0.671875" y="-111.162994">
   <element name="symbol0" layername="symbo" frame="0" z_index="1" m_a="-0.747511" m_b="0.000000" m_c="0.000000" m_d="1.000000" m_tx="47.168835" m_ty="-187.162994"/>
  </frame>
  <frame idx="900" w="114" h="291" x="-0.698883" y="-111.162994">
   <element name="symbol0" layername="symbo" frame="0" z_index="1" m_a="-0.797608" m_b="0.000000" m_c="0.000000" m_d="1.000000" m_tx="50.348034" m_ty="-187.162994"/>
  </frame>
  <frame idx="925" w="121" h="291" x="-0.725891" y="-111.162994">
   <element name="symbol0" layername="symbo" frame="0" z_index="1" m_a="-0.847705" m_b="0.000000" m_c="0.000000" m_d="1.000000" m_tx="53.527233" m_ty="-187.162994"/>
  </frame>
  <frame idx="950" w="128" h="291" x="-0.752903" y="-111.162994">
   <element name="symbol0" layername="symbo" frame="0" z_index="1" m_a="-0.897802" m_b="0.000000" m_c="0.000000" m_d="1.000000" m_tx="56.706432" m_ty="-187.162994"/>
  </frame>
  <frame idx="975" w="136" h="291" x="-0.779911" y="-111.162994">
   <element name="symbol0" layername="symbo" frame="0" z_index="1" m_a="-0.947899" m_b="0.000000" m_c="0.000000" m_d="1.000000" m_tx="59.885632" m_ty="-187.162994"/>
  </frame>
  <frame idx="1000" w="142" h="291" x="-0.806915" y="-111.162994">
   <element name="symbol0" layername="symbo" frame="0" z_index="1" m_a="-0.997996" m_b="0.000000" m_c="0.000000" m_d="1.000000" m_tx="63.064835" m_ty="-187.162994"/>
  </frame>
  <frame idx="1025" w="136" h="291" x="-0.784000" y="-111.187012">
   <element name="symbol0" layername="symbo" frame="0" z_index="1" m_a="-0.952000" m_b="0.000000" m_c="0.000000" m_d="1.000000" m_tx="60.143997" m_ty="-187.186996"/>
  </frame>
  <frame idx="1050" w="129" h="291" x="-0.758999" y="-111.211975">
   <element name="symbol0" layername="symbo" frame="0" z_index="1" m_a="-0.902000" m_b="0.000000" m_c="0.000000" m_d="1.000000" m_tx="56.968998" m_ty="-187.211990"/>
  </frame>
  <frame idx="1075" w="121" h="291" x="-0.734001" y="-111.237000">
   <element name="symbol0" layername="symbo" frame="0" z_index="1" m_a="-0.852000" m_b="0.000000" m_c="0.000000" m_d="1.000000" m_tx="53.793999" m_ty="-187.237000"/>
  </frame>
  <frame idx="1100" w="115" h="291" x="-0.708000" y="-111.263000">
   <element name="symbol0" layername="symbo" frame="0" z_index="1" m_a="-0.800000" m_b="0.000000" m_c="0.000000" m_d="1.000000" m_tx="50.492001" m_ty="-187.263000"/>
  </frame>
  <frame idx="1125" w="107" h="291" x="-0.682999" y="-111.287994">
   <element name="symbol0" layername="symbo" frame="0" z_index="1" m_a="-0.750000" m_b="0.000000" m_c="0.000000" m_d="1.000000" m_tx="47.317001" m_ty="-187.287994"/>
  </frame>
  <frame idx="1150" w="101" h="291" x="-0.658001" y="-111.312988">
   <element name="symbol0" layername="symbo" frame="0" z_index="1" m_a="-0.700000" m_b="0.000000" m_c="0.000000" m_d="1.000000" m_tx="44.141998" m_ty="-187.313004"/>
  </frame>
  <frame idx="1175" w="93" h="291" x="-0.633099" y="-111.338013">
   <element name="symbol0" layername="symbo" frame="0" z_index="1" m_a="-0.650000" m_b="0.000000" m_c="0.000000" m_d="1.000000" m_tx="40.966900" m_ty="-187.337997"/>
  </frame>
  <frame idx="1200" w="86" h="291" x="-0.608002" y="-111.363007">
   <element name="symbol0" layername="symbo" frame="0" z_index="1" m_a="-0.600000" m_b="0.000000" m_c="0.000000" m_d="1.000000" m_tx="37.792000" m_ty="-187.363007"/>
  </frame>
  <frame idx="1225" w="79" h="291" x="-0.583000" y="-111.388000">
   <element name="symbol0" layername="symbo" frame="0" z_index="1" m_a="-0.550000" m_b="0.000000" m_c="0.000000" m_d="1.000000" m_tx="34.617001" m_ty="-187.388000"/>
  </frame>
  <frame idx="1250" w="72" h="291" x="-0.557999" y="-111.412994">
   <element name="symbol0" layername="symbo" frame="0" z_index="1" m_a="-0.500000" m_b="0.000000" m_c="0.000000" m_d="1.000000" m_tx="31.441999" m_ty="-187.412994"/>
  </frame>
  <frame idx="1275" w="65" h="291" x="-0.533001" y="-111.437988">
   <element name="symbol0" layername="symbo" frame="0" z_index="1" m_a="-0.450000" m_b="0.000000" m_c="0.000000" m_d="1.000000" m_tx="28.267000" m_ty="-187.438004"/>
  </frame>
  <frame idx="1300" w="58" h="291" x="-0.508101" y="-111.463013">
   <element name="symbol0" layername="symbo" frame="0" z_index="1" m_a="-0.400000" m_b="0.000000" m_c="0.000000" m_d="1.000000" m_tx="25.091900" m_ty="-187.462997"/>
  </frame>
  <frame idx="1325" w="51" h="291" x="-0.483000" y="-111.488007">
   <element name="symbol0" layername="symbo" frame="0" z_index="1" m_a="-0.350000" m_b="0.000000" m_c="0.000000" m_d="1.000000" m_tx="21.917000" m_ty="-187.488007"/>
  </frame>
  <frame idx="1350" w="43" h="291" x="-0.458000" y="-111.513000">
   <element name="symbol0" layername="symbo" frame="0" z_index="1" m_a="-0.300000" m_b="0.000000" m_c="0.000000" m_d="1.000000" m_tx="18.742001" m_ty="-187.513000"/>
  </frame>
  <frame idx="1375" w="37" h="291" x="-0.432999" y="-111.537994">
   <element name="symbol0" layername="symbo" frame="0" z_index="1" m_a="-0.250000" m_b="0.000000" m_c="0.000000" m_d="1.000000" m_tx="15.567000" m_ty="-187.537994"/>
  </frame>
  <frame idx="1400" w="30" h="291" x="-0.408002" y="-111.562988">
   <element name="symbol0" layername="symbo" frame="0" z_index="1" m_a="-0.200000" m_b="0.000000" m_c="0.000000" m_d="1.000000" m_tx="12.392000" m_ty="-187.563004"/>
  </frame>
  <frame idx="1425" w="22" h="291" x="-0.383051" y="-111.588013">
   <element name="symbol0" layername="symbo" frame="0" z_index="1" m_a="-0.150000" m_b="0.000000" m_c="0.000000" m_d="1.000000" m_tx="9.216950" m_ty="-187.587997"/>
  </frame>
  <frame idx="1450" w="16" h="291" x="-0.358050" y="-111.613007">
   <element name="symbol0" layername="symbo" frame="0" z_index="1" m_a="-0.100000" m_b="0.000000" m_c="0.000000" m_d="1.000000" m_tx="6.041950" m_ty="-187.613007"/>
  </frame>
  <frame idx="1475" w="8" h="291" x="-0.333049" y="-111.638000">
   <element name="symbol0" layername="symbo" frame="0" z_index="1" m_a="-0.050000" m_b="0.000000" m_c="0.000000" m_d="1.000000" m_tx="2.866950" m_ty="-187.638000"/>
  </frame>
  <frame idx="1500" w="2" h="291" x="-0.308044" y="-111.662994">
   <element name="symbol0" layername="symbo" frame="0" z_index="1" m_a="0.000000" m_b="0.000000" m_c="0.000000" m_d="1.000000" m_tx="-0.308048" m_ty="-187.662994"/>
  </frame>
  <frame idx="1525" w="8" h="291" x="-0.283040" y="-111.687988">
   <element name="symbol0" layername="symbo" frame="0" z_index="1" m_a="0.050000" m_b="0.000000" m_c="0.000000" m_d="1.000000" m_tx="-3.483040" m_ty="-187.688004"/>
  </frame>
  <frame idx="1550" w="16" h="291" x="-0.258050" y="-111.713013">
   <element name="symbol0" layername="symbo" frame="0" z_index="1" m_a="0.100000" m_b="0.000000" m_c="0.000000" m_d="1.000000" m_tx="-6.658050" m_ty="-187.712997"/>
  </frame>
  <frame idx="1575" w="22" h="291" x="-0.233053" y="-111.738007">
   <element name="symbol0" layername="symbo" frame="0" z_index="1" m_a="0.150000" m_b="0.000000" m_c="0.000000" m_d="1.000000" m_tx="-9.833050" m_ty="-187.738007"/>
  </frame>
  <frame idx="1600" w="29" h="291" x="-0.208102" y="-111.763000">
   <element name="symbol0" layername="symbo" frame="0" z_index="1" m_a="0.200000" m_b="0.000000" m_c="0.000000" m_d="1.000000" m_tx="-13.008100" m_ty="-187.763000"/>
  </frame>
  <frame idx="1625" w="37" h="291" x="-0.182999" y="-111.787994">
   <element name="symbol0" layername="symbo" frame="0" z_index="1" m_a="0.250000" m_b="0.000000" m_c="0.000000" m_d="1.000000" m_tx="-16.183001" m_ty="-187.787994"/>
  </frame>
  <frame idx="1650" w="43" h="291" x="-0.158001" y="-111.812988">
   <element name="symbol0" layername="symbo" frame="0" z_index="1" m_a="0.300000" m_b="0.000000" m_c="0.000000" m_d="1.000000" m_tx="-19.358000" m_ty="-187.813004"/>
  </frame>
  <frame idx="1675" w="50" h="291" x="-0.133005" y="-111.838013">
   <element name="symbol0" layername="symbo" frame="0" z_index="1" m_a="0.350000" m_b="0.000000" m_c="0.000000" m_d="1.000000" m_tx="-22.533001" m_ty="-187.837997"/>
  </frame>
  <frame idx="1700" w="58" h="291" x="-0.108000" y="-111.863007">
   <element name="symbol0" layername="symbo" frame="0" z_index="1" m_a="0.400000" m_b="0.000000" m_c="0.000000" m_d="1.000000" m_tx="-25.708000" m_ty="-187.863007"/>
  </frame>
  <frame idx="1725" w="64" h="291" x="-0.083103" y="-111.888000">
   <element name="symbol0" layername="symbo" frame="0" z_index="1" m_a="0.450000" m_b="0.000000" m_c="0.000000" m_d="1.000000" m_tx="-28.883101" m_ty="-187.888000"/>
  </frame>
  <frame idx="1750" w="72" h="291" x="-0.057999" y="-111.912994">
   <element name="symbol0" layername="symbo" frame="0" z_index="1" m_a="0.500000" m_b="0.000000" m_c="0.000000" m_d="1.000000" m_tx="-32.057999" m_ty="-187.912994"/>
  </frame>
  <frame idx="1775" w="79" h="291" x="-0.033001" y="-111.937988">
   <element name="symbol0" layername="symbo" frame="0" z_index="1" m_a="0.550000" m_b="0.000000" m_c="0.000000" m_d="1.000000" m_tx="-35.233002" m_ty="-187.938004"/>
  </frame>
  <frame idx="1800" w="85" h="291" x="-0.008003" y="-111.963013">
   <element name="symbol0" layername="symbo" frame="0" z_index="1" m_a="0.600000" m_b="0.000000" m_c="0.000000" m_d="1.000000" m_tx="-38.408001" m_ty="-187.962997"/>
  </frame>
  <frame idx="1825" w="93" h="291" x="0.016998" y="-111.988007">
   <element name="symbol0" layername="symbo" frame="0" z_index="1" m_a="0.650000" m_b="0.000000" m_c="0.000000" m_d="1.000000" m_tx="-41.583000" m_ty="-187.988007"/>
  </frame>
  <frame idx="1850" w="99" h="292" x="0.041897" y="-112.013000">
   <element name="symbol0" layername="symbo" frame="0" z_index="1" m_a="0.700000" m_b="0.000000" m_c="0.000000" m_d="1.000000" m_tx="-44.758099" m_ty="-188.013000"/>
  </frame>
  <frame idx="1875" w="106" h="292" x="0.067001" y="-112.037994">
   <element name="symbol0" layername="symbo" frame="0" z_index="1" m_a="0.750000" m_b="0.000000" m_c="0.000000" m_d="1.000000" m_tx="-47.932999" m_ty="-188.037994"/>
  </frame>
  <frame idx="1900" w="114" h="292" x="0.091999" y="-112.062988">
   <element name="symbol0" layername="symbo" frame="0" z_index="1" m_a="0.800000" m_b="0.000000" m_c="0.000000" m_d="1.000000" m_tx="-51.108002" m_ty="-188.063004"/>
  </frame>
  <frame idx="1925" w="120" h="292" x="0.116997" y="-112.088013">
   <element name="symbol0" layername="symbo" frame="0" z_index="1" m_a="0.850000" m_b="0.000000" m_c="0.000000" m_d="1.000000" m_tx="-54.283001" m_ty="-188.087997"/>
  </frame>
  <frame idx="1950" w="128" h="292" x="0.141998" y="-112.113007">
   <element name="symbol0" layername="symbo" frame="0" z_index="1" m_a="0.900000" m_b="0.000000" m_c="0.000000" m_d="1.000000" m_tx="-57.458000" m_ty="-188.113007"/>
  </frame>
  <frame idx="1975" w="135" h="292" x="0.166897" y="-112.138000">
   <element name="symbol0" layername="symbo" frame="0" z_index="1" m_a="0.950000" m_b="0.000000" m_c="0.000000" m_d="1.000000" m_tx="-60.633099" m_ty="-188.138000"/>
  </frame>
 </anim>
</Anims>
