<Anims>
 <anim name="close" root="kochosei_ui_boss" numframes="150" framerate="40">
  <frame idx="0" w="984" h="421" x="24.440826" y="-16.155914">
   <element name="frame" layername="frame" frame="0" z_index="2" m_a="1.000000" m_b="0.000000" m_c="0.000000" m_d="0.934753" m_tx="0.000000" m_ty="0.000000"/>
  </frame>
  <frame idx="25" w="984" h="406" x="24.440826" y="-28.826660">
   <element name="frame" layername="frame" frame="0" z_index="2" m_a="1.000000" m_b="0.000000" m_c="0.000000" m_d="0.869941" m_tx="0.000000" m_ty="0.000000"/>
  </frame>
  <frame idx="50" w="984" h="373" x="24.440826" y="-59.089676">
   <element name="frame" layername="frame" frame="0" z_index="2" m_a="1.000000" m_b="0.000000" m_c="0.000000" m_d="0.715143" m_tx="0.000000" m_ty="0.000000"/>
  </frame>
  <frame idx="75" w="984" h="318" x="24.440826" y="-109.224144">
   <element name="frame" layername="frame" frame="0" z_index="2" m_a="1.000000" m_b="0.000000" m_c="0.000000" m_d="0.458701" m_tx="0.000000" m_ty="0.000000"/>
  </frame>
  <frame idx="100" w="984" h="230" x="24.440826" y="-188.829147">
   <element name="frame" layername="frame" frame="0" z_index="2" m_a="1.000000" m_b="0.000000" m_c="0.000000" m_d="0.051514" m_tx="0.000000" m_ty="0.000000"/>
  </frame>
  <frame idx="125" w="984" h="230" x="24.440826" y="-188.829147">
   <element name="frame" layername="frame" frame="0" z_index="2" m_a="1.000000" m_b="0.000000" m_c="0.000000" m_d="0.051514" m_tx="0.000000" m_ty="0.000000"/>
  </frame>
 </anim>
 <anim name="open" root="kochosei_ui_boss" numframes="225" framerate="40">
  <frame idx="0" w="984" h="236" x="24.440826" y="-184.056213">
   <element name="frame" layername="frame" frame="0" z_index="2" m_a="1.000000" m_b="0.000000" m_c="0.000000" m_d="0.075928" m_tx="0.000000" m_ty="0.000000"/>
  </frame>
  <frame idx="25" w="992" h="270" x="31.036652" y="-153.221954">
   <element name="frame" layername="frame" frame="0" z_index="2" m_a="1.014370" m_b="0.000000" m_c="0.000000" m_d="0.233648" m_tx="0.000000" m_ty="0.000000"/>
  </frame>
  <frame idx="50" w="1010" h="359" x="48.386871" y="-72.095901">
   <element name="frame" layername="frame" frame="0" z_index="2" m_a="1.052170" m_b="0.000000" m_c="0.000000" m_d="0.648615" m_tx="0.000000" m_ty="0.000000"/>
  </frame>
  <frame idx="75" w="1021" h="437" x="58.175934" y="-1.350281">
   <element name="frame" layername="frame" frame="0" z_index="2" m_a="1.073497" m_b="0.000000" m_c="0.000000" m_d="1.010485" m_tx="0.000000" m_ty="0.000000"/>
  </frame>
  <frame idx="100" w="1001" h="437" x="40.657318" y="-1.106918">
   <element name="frame" layername="frame" frame="0" z_index="2" m_a="1.035330" m_b="0.000000" m_c="0.000000" m_d="1.011730" m_tx="0.000000" m_ty="0.000000"/>
  </frame>
  <frame idx="125" w="992" h="436" x="31.660919" y="-2.406998">
   <element name="frame" layername="frame" frame="0" z_index="2" m_a="1.015730" m_b="0.000000" m_c="0.000000" m_d="1.005080" m_tx="0.000000" m_ty="0.000000"/>
  </frame>
  <frame idx="150" w="986" h="435" x="26.492554" y="-3.151840">
   <element name="frame" layername="frame" frame="0" z_index="2" m_a="1.004470" m_b="0.000000" m_c="0.000000" m_d="1.001270" m_tx="0.000000" m_ty="0.000000"/>
  </frame>
  <frame idx="175" w="984" h="435" x="24.440826" y="-3.447830">
   <element name="frame" layername="frame" frame="0" z_index="2" m_a="1.000000" m_b="0.000000" m_c="0.000000" m_d="0.999756" m_tx="0.000000" m_ty="0.000000"/>
  </frame>
  <frame idx="200" w="984" h="435" x="24.440826" y="-3.447830">
   <element name="frame" layername="frame" frame="0" z_index="2" m_a="1.000000" m_b="0.000000" m_c="0.000000" m_d="0.999756" m_tx="0.000000" m_ty="0.000000"/>
  </frame>
 </anim>
</Anims>
